,customer_id,probability_yes,prediction
1247,1845-ZLLIG,0.47056320000677226,No
7011,9945-PSVIP,0.022921046923278093,No
2647,3761-FLYZI,0.3072807328005759,No
6149,8711-LOBKY,0.005221246291375211,No
5797,8164-OCKUJ,0.004822740088095457,No
7025,9968-FFVVH,0.026877215449037727,No
1352,2012-NWRPA,0.685783817952003,Yes
6230,8809-RIHDD,0.20454244877661146,No
1578,2300-RQGOI,0.014645088950618359,No
4732,6663-JOCQO,0.11571100510366056,No
3422,4849-PYRLQ,0.024257665022798924,No
3959,5570-PTWEH,0.7129090572065455,Yes
1721,2509-TFPJU,0.007912931457790288,No
1235,1833-TCXKK,0.36824435514038983,No
5796,8161-QYMTT,0.7394264379700638,Yes
691,1023-BQXZE,0.031263248642426966,No
4867,6859-QNXIQ,0.030530173640978587,No
5301,7488-MXJIV,0.7685350500250406,Yes
3255,4654-ULTTN,0.025396787755315953,No
1281,1904-WAJAA,0.0665835926938681,No
5267,7426-GSWPO,0.24750162147967178,No
1000,1450-GALXR,0.5967925495891433,Yes
3951,5565-FILXA,0.6211616442725776,Yes
4805,6754-WKSHP,0.026963070755507915,No
2214,3170-GWYKC,0.15513384737786284,No
1460,2155-AMQRX,0.14964087892669067,No
2585,3696-DFHHB,0.009670041717871114,No
4182,5914-DVBWJ,0.4977329605341068,No
2524,3612-YUNGG,0.07106360241837954,No
3644,5153-LXKDT,0.0911007842766561,No
795,1162-ECVII,0.053618750588590294,No
3087,4424-TKOPW,0.8107847130076969,Yes
2308,3308-DGHKL,0.005508307653758122,No
3505,4962-CHQPW,0.011247755811439634,No
241,0369-ZGOVK,0.4713291874222213,No
53,0093-XWZFY,0.3838999092115029,No
4075,5756-JYOJT,0.1527483665463651,No
5291,7471-MQPOS,0.009777815940775252,No
4659,6576-FBXOJ,0.12452565157849453,No
733,1084-MNSMJ,0.022470896214858337,No
5248,7398-HPYZQ,0.015090328870419788,No
4192,5919-VCZYM,0.15161962748849547,No
5368,7579-KKLOE,0.015090328870419788,No
2798,3981-QSVQI,0.11958900643545015,No
2374,3399-BMLVW,0.021693139297185735,No
5321,7517-LDMPS,0.6724275821724345,Yes
946,1371-OJCEK,0.021339360560906503,No
862,1251-STYSZ,0.607242263439679,Yes
4697,6621-NRZAK,0.004803747036452771,No
6917,9820-RMCQV,0.2268016381883572,No
2607,3717-OFRTN,0.26027005372587386,No
4368,6164-HAQTX,0.018855530614277465,No
6530,9272-LSVYH,0.5647591405427828,Yes
4977,6999-CHVCF,0.05077726966212476,No
3620,5133-VRSAB,0.2212859481504842,No
4874,6867-ACCZI,0.11460494651157889,No
5348,7554-AKDQF,0.3699021230380308,No
5394,7605-BDWDC,0.10204550283832971,No
3371,4804-NCPET,0.009988552968509928,No
3349,4776-XSKYQ,0.22389353834805598,No
6095,8631-WUXGY,0.4408302417722622,No
3721,5233-AOZUF,0.5257242121707749,Yes
5345,7551-DACSP,0.28653262599009804,No
4052,5707-ZMDJP,0.02207122571693882,No
4370,6166-ILMNY,0.7544127725037242,Yes
3358,4789-KWMXN,0.13047334421288162,No
4328,6103-QCKFX,0.11975012855504062,No
5202,7319-ZNRTR,0.031185843242142033,No
1291,1925-GMVBW,0.10015822234243339,No
1975,2858-MOFSQ,0.19882087513699992,No
5923,8337-UPOAQ,0.7043868040406774,Yes
2342,3351-NQLDI,0.0600157331507713,No
3624,5136-GFPMB,0.28513015280971077,No
1386,2054-PJOCK,0.016483030033373425,No
995,1447-GIQMR,0.8414841595564162,Yes
2078,2985-FMWYF,0.5493349427880054,Yes
5905,8313-NDOIA,0.5504037801788756,Yes
5575,7853-OETYL,0.40135247253676054,No
4337,6121-TNHBO,0.016059550728336675,No
870,1264-FUHCX,0.07701148250948271,No
6457,9138-EFSMO,0.2715622584968468,No
4603,6486-LHTMA,0.4432610624867702,No
5835,8207-VVMYB,0.009658465051515842,No
6409,9074-KGVOX,0.15200522609389072,No
2364,3389-KTRXV,0.030997701072134367,No
2102,3014-WJKSM,0.3640749974032614,No
2775,3948-XHGNA,0.26360563033613316,No
4885,6885-PKOAM,0.018855530614277465,No
6476,9170-CCKOU,0.3735049065445235,No
5679,8003-EWNDZ,0.1437778613234052,No
2008,2897-DOVND,0.7623707658322373,Yes
6662,9479-HYNYL,0.008500772511364474,No
4636,6543-CPZMK,0.3066333679265038,No
2056,2959-MJHIC,0.7664807292390189,Yes
2919,4163-HFTUK,0.03884993597245764,No
2667,3791-LGQCY,0.31699457128453323,No
1169,1724-BQUHA,0.735601840373031,Yes
1585,2309-OSFEU,0.3122140722189142,No
1321,1964-SVLEA,0.010777809291276301,No
4757,6695-FRVEC,0.018909465994660854,No
3005,4301-VVZKA,0.5882371126013153,Yes
116,0203-HHYIJ,0.03872294525529384,No
5469,7695-PKLCZ,0.004896665341575426,No
6950,9860-LISIZ,0.052910476680200824,No
3363,4797-AXPXK,0.39982052917103916,No
6522,9253-VIFJQ,0.04200264829875616,No
4450,6270-OMFIW,0.2091169120635671,No
3444,4883-KCPZJ,0.029734608481626866,No
1997,2883-ILGWO,0.16022491544657286,No
5760,8100-HZZLJ,0.19215613083711502,No
2824,4013-TLDHQ,0.5608217369501367,Yes
4597,6481-ESCNL,0.3669764616471716,No
5957,8399-YNDCH,0.1982365711455362,No
3381,4815-YOSUK,0.016589684434095843,No
2105,3021-VLNRJ,0.01982849791957393,No
6894,9793-WECQC,0.3736412134583665,No
2752,3914-FDRHP,0.6636687428247926,Yes
2497,3571-DPYUH,0.1330479929811312,No
961,1395-OFUWC,0.22372677585626466,No
3370,4803-LBYPN,0.05245101722074137,No
5109,7181-BQYBV,0.6844459381436101,Yes
3754,5293-WXJAK,0.5438599221406735,Yes
6891,9787-XVQIU,0.831209412058744,Yes
4399,6202-DYYFX,0.2421269094907339,No
4641,6549-NNDYT,0.29092287562444263,No
4305,6067-NGCEU,0.22821657931914086,No
2968,4237-RLAQD,0.5507410549332036,Yes
6085,8624-GIOUT,0.1250219572352295,No
6120,8668-KNZTI,0.024873237969565906,No
314,0463-ZSDNT,0.3184887556794323,No
548,0810-DHDBD,0.025178909923579473,No
3770,5307-UVGNB,0.246226453846208,No
6930,9831-BPFRI,0.3245870735656265,No
2900,4132-KALRO,0.7486941188376243,Yes
1553,2266-FUBDZ,0.014647076700920721,No
729,1075-BGWOH,0.6134454202998127,Yes
1549,2260-USTRB,0.7291704097602582,Yes
2416,3457-PQBYH,0.004760863977060314,No
5069,7129-AZJDE,0.2779608725534059,No
2213,3167-SNQPL,0.4434483292795967,No
203,0319-QZTCO,0.4227020339535985,No
1230,1820-TQVEV,0.8391479772202339,Yes
6888,9782-LGXMC,0.10887852882832272,No
6051,8573-CGOCC,0.0893404456833188,No
3749,5281-BUZGT,0.43941431950488463,No
389,0576-WNXXC,0.5360044115111804,Yes
2523,3606-TWKGI,0.6377268526984913,Yes
4504,6350-XFYGW,0.7877265438987467,Yes
3559,5044-XDPYX,0.013631694489067451,No
2849,4065-JJAVA,0.46753231440437143,No
2232,3192-LNKRK,0.3750215341700407,No
1786,2608-BHKFN,0.7282949505607449,Yes
5173,7274-RTAPZ,0.8229342649416732,Yes
2228,3190-FZATL,0.09999099221807867,No
3881,5453-YBTWV,0.043735131903788346,No
704,1038-ZAGBI,0.018551751977773114,No
3823,5376-DEQCP,0.7750513649057126,Yes
3926,5524-KHNJP,0.04873941457085959,No
1831,2669-QVCRG,0.29813490111537017,No
3837,5389-FFVKB,0.38375396892146957,No
6390,9054-FOWNV,0.5633492283478584,Yes
6184,8749-TZYEC,0.010065920587391091,No
134,0225-ZORZP,0.7550925298601311,Yes
2782,3957-LXOLK,0.5069283283138187,Yes
6467,9152-AMKAK,0.10877571130178801,No
3751,5286-YHCVC,0.09883346105568049,No
5239,7382-DFJTU,0.23318890317139684,No
653,0956-SYCWG,0.03985951343209244,No
1572,2284-VFLKH,0.16121211379748238,No
5227,7356-IWLFW,0.3543669823566272,No
5455,7673-LPRNY,0.06086965878105923,No
2823,4013-GUXND,0.31766977656689144,No
5061,7114-AEOZE,0.005221246291375211,No
6323,8950-MTZNV,0.5546628845969687,Yes
957,1389-WNUIB,0.05008430475843813,No
6385,9050-QLROH,0.33804577414681214,No
6158,8722-PRFDV,0.031596388355867186,No
6287,8896-RAZCR,0.010976197038986975,No
372,0550-DCXLH,0.24021557238217636,No
778,1134-YWTYF,0.2073202909812962,No
5643,7956-XQWGU,0.07490649231255671,No
4683,6608-QQLVK,0.686720414601648,Yes
6650,9453-PATOS,0.015662145141641243,No
904,1319-YLZJG,0.5867864664998839,Yes
3092,4431-EDMIQ,0.21366450120779587,No
6064,8593-WHYHV,0.7607402881892139,Yes
2014,2905-KFQUV,0.7148922942587385,Yes
286,0422-OHQHQ,0.013760503204996206,No
1484,2190-PHBHR,0.03047599603050422,No
113,0197-PNKNK,0.04684834188489537,No
3901,5485-ITNPC,0.024415530928667516,No
6811,9668-PUGNU,0.024968875978281756,No
5122,7206-PQBBZ,0.5940178389478937,Yes
6491,9200-NLNPD,0.026683122319952433,No
5833,8205-VSLRB,0.024767611558560637,No
5999,8465-SBRXP,0.2320454267781155,No
1736,2525-GVKQU,0.004822740088095457,No
1645,2388-LAESQ,0.021761259862449436,No
5731,8065-YKXKD,0.6779288332222339,Yes
740,1088-CNNKB,0.015683448957849143,No
3325,4735-BJKOU,0.011684528585037683,No
514,0748-RDGGM,0.035525175108419974,No
1600,2325-ZUSFD,0.047004325208442894,No
4743,6683-VLCTZ,0.5874253945916784,Yes
6594,9371-BITHB,0.005901930507034669,No
283,0420-BWTPW,0.29540204147971094,No
2554,3653-NCRDJ,0.011522436697855704,No
5672,7995-ZHHNZ,0.06179688167198868,No
1202,1768-HNVGJ,0.11498253947282201,No
4566,6437-UDQJM,0.02039432732221204,No
6837,9710-ZUSHQ,0.32887768068603207,No
1748,2546-KZAAT,0.021902026543505915,No
6011,8490-BXHEO,0.3771478807771836,No
2617,3726-TBHQT,0.02489839240283096,No
2175,3113-IWHLC,0.22906223909374782,No
1282,1905-OEILC,0.26247610477106426,No
4484,6330-JKLPC,0.5877666175724713,Yes
6313,8937-RDTHP,0.6497898933783071,Yes
3760,5296-PSYVW,0.02533467182626938,No
1961,2840-XANRC,0.5640350238898012,Yes
6645,9447-YPTBX,0.005901930507034669,No
5189,7299-GNVPL,0.2348959638106496,No
1948,2826-DXLQO,0.22685113101288168,No
5606,7893-IXHRQ,0.3161357491170536,No
689,1020-JPQOW,0.24287853740770363,No
614,0899-LIIBW,0.5426572687488107,Yes
3769,5307-DZCVC,0.4123701140794332,No
5737,8071-SBTRN,0.03602356676907475,No
5849,8224-IVVPA,0.2596900196758035,No
5224,7353-YOWFP,0.020812030093329107,No
5009,7036-ZZKBD,0.15069376126368283,No
5650,7966-YOTQW,0.2116859775934539,No
5252,7401-JIXNM,0.03423744769912281,No
5927,8347-GDTMP,0.005329207491490691,No
4363,6156-UZDLF,0.13570901337724792,No
158,0258-NOKBL,0.7940063090341893,Yes
2872,4091-TVOCN,0.05712062998139334,No
5896,8294-UIMBA,0.14766422193156037,No
2772,3946-MHCZW,0.6097216659652797,Yes
177,0285-INHLN,0.23497516924845308,No
812,1184-PJVDB,0.672732210752776,Yes
3494,4950-BDEUX,0.2904640047601231,No
3669,5176-LMJXE,0.007390218922483399,No
248,0376-YMCJC,0.5067122242566257,Yes
4985,7010-ZMVBF,0.05471907979062224,No
5079,7136-RVDTZ,0.1390667079393189,No
0,0002-ORFBO,0.12691407035405516,No
5029,7072-MBHEV,0.5540432357607421,Yes
4660,6578-KRMAW,0.3825350206755573,No
6995,9927-DSWDF,0.30170271674468674,No
5890,8285-ABVLB,0.005202599994030452,No
1155,1699-HPSBG,0.2303419980730986,No
5909,8317-BVKSO,0.15494158667544103,No
6159,8725-JEDFD,0.3852362118253854,No
274,0404-SWRVG,0.7473675838063223,Yes
5406,7617-EYGLW,0.4203284079808886,No
3336,4750-ZRXIU,0.7703452883352336,Yes
4348,6131-IUNXN,0.05827253052510652,No
6672,9489-JMTTN,0.01572639498867769,No
6879,9773-PEQBZ,0.7360987708950093,Yes
5141,7239-HZZCX,0.26027005372587386,No
6377,9036-CSKBW,0.06847458978239604,No
1215,1792-UXAFY,0.5539744287329327,Yes
6601,9385-EHGDO,0.011314847164109734,No
4972,6994-FGRHH,0.15575726594699504,No
1439,2122-YWVYA,0.5134384109348372,Yes
6902,9799-CAYJJ,0.7803379185962401,Yes
351,0516-VRYBW,0.009988552968509928,No
4577,6458-CYIDZ,0.5064741300755314,Yes
76,0123-CRBRT,0.018224639245595857,No
4326,6103-BOCOU,0.5870892393396256,Yes
6156,8720-RQSBJ,0.6765856260640265,Yes
5794,8158-WPEZG,0.228824345466227,No
4861,6851-WEFYX,0.5258014753621231,Yes
827,1208-NBVFH,0.474580265987196,No
1139,1678-FYZOW,0.759601540729129,Yes
2970,4238-JSSWH,0.3614507430087204,No
1412,2081-KJSQF,0.25999840811033514,No
4700,6625-FLENO,0.004822740088095457,No
6047,8565-WUXZU,0.0415563187493288,No
6430,9103-CXVOK,0.3790984248492662,No
4145,5858-EAFCZ,0.5656105529130582,Yes
4415,6227-FBDXH,0.13189983609119943,No
2411,3452-FLHYD,0.020746072363009113,No
6961,9874-QLCLH,0.4279670836037197,No
5940,8375-KVTHK,0.14252935675735404,No
567,0835-JKADZ,0.15024992675466833,No
2831,4023-RTIQM,0.07485818525249113,No
6841,9715-WZCLW,0.09584748458358713,No
4470,6303-KFWSL,0.15057076086034626,No
3766,5302-BDJNT,0.46193463071116087,No
6206,8778-LMWTJ,0.5781656206908938,Yes
6347,8988-ECPJR,0.38546160192502016,No
6610,9391-YZEJW,0.14760239060187488,No
6854,9738-QLWTP,0.40372111977780656,No
3637,5148-ORICT,0.015755946224458545,No
5983,8436-BJUMM,0.5669532699715676,Yes
6233,8815-LMFLX,0.08129264149702575,No
3190,4570-QHXHL,0.49026338690792315,No
450,0661-WCQNQ,0.05016504087308734,No
5780,8133-ANHHJ,0.05659403701942009,No
4158,5879-SESNB,0.635319962416383,Yes
1632,2372-HWUHI,0.6357612520778356,Yes
3606,5119-KEPFY,0.40062172399785245,No
2958,4226-KKDON,0.2292646116350266,No
2963,4232-JGKIY,0.3464399769401517,No
2944,4195-NZGTA,0.7548483773139975,Yes
6059,8590-OHDIW,0.014645088950618359,No
5574,7853-GVUDZ,0.2714314242631617,No
2769,3943-KDREE,0.40523642563332113,No
3842,5394-SVGJV,0.2969334832808653,No
3343,4763-PGDPO,0.7013442325736271,Yes
1410,2080-GKCWQ,0.7291836734051267,Yes
6703,9518-XXBXE,0.5487198128939564,Yes
4696,6620-JDYNW,0.22259168530261714,No
2284,3259-QMXUN,0.015725286142889643,No
1869,2716-GFZOR,0.2850891439409684,No
3329,4742-DRORA,0.081081006386128,No
3345,4767-HZZHQ,0.3666627539476255,No
376,0562-FGDCR,0.018951641494772516,No
191,0307-BCOPK,0.013619819655094028,No
3103,4450-MDZFX,0.289079871670232,No
3193,4576-CSAJH,0.15066223267462564,No
1914,2789-HQBOU,0.759601540729129,Yes
3207,4597-NUCQV,0.5419061234800452,Yes
2333,3339-EAQNV,0.14457931958594022,No
5821,8194-PEEBY,0.012395294234699438,No
4101,5797-APWZC,0.8229342649416732,Yes
4383,6177-PEVRA,0.07051480106378263,No
839,1221-GHZEP,0.01635492389378573,No
3565,5054-IEXZT,0.8341178419209854,Yes
266,0396-UKGAI,0.12943699185156587,No
969,1401-FTHFQ,0.011934911920384539,No
4120,5828-DWPIL,0.2488763828632248,No
4974,6994-ORCWG,0.16745334853934024,No
3879,5451-YHYPW,0.0168460946905061,No
3994,5630-AHZIL,0.2936030945768949,No
1061,1550-EENBN,0.43172979892298907,No
2705,3847-BAERP,0.12126445964951511,No
4486,6331-LWDTQ,0.23683288690047696,No
5790,8150-QUDFX,0.1559798360166294,No
4796,6738-ISCBM,0.03777184205407668,No
5177,7279-BUYWN,0.3537584700510557,No
541,0795-LAFGP,0.012652603796528801,No
1147,1689-MRZQR,0.49244398158422986,No
15,0020-INWCK,0.10038590883460519,No
1742,2535-PBCGC,0.020652462761121645,No
1079,1571-SAVHK,0.5583086211180577,Yes
996,1447-PJGGA,0.2137955851675902,No
4499,6345-HOVES,0.25124632555667076,No
173,0278-YXOOG,0.10363260433463786,No
1395,2065-MMKGR,0.0990936605219102,No
6916,9819-FBNSV,0.38526287399204034,No
260,0386-CWRGM,0.009155123670691016,No
3856,5423-BHIXO,0.24362373944501883,No
1170,1724-IQWNM,0.27848430149237574,No
6493,9207-ZPANB,0.047080812056634586,No
4449,6267-DCFFZ,0.4773935116250221,No
4472,6305-YLBMM,0.08942964219644982,No
2723,3873-WOSBC,0.009116092742869508,No
1643,2386-OWURY,0.2946049964537096,No
7039,9992-RRAMN,0.5509058973154538,Yes
1016,1468-DEFNC,0.010150684643659343,No
3814,5364-XYIRR,0.4887868831275107,No
6,0013-SMEOE,0.019632577488098667,No
3689,5198-EFNBM,0.24217439740750038,No
787,1143-NMNQJ,0.7838232271478693,Yes
5078,7136-IHZJA,0.09399178709322936,No
877,1269-FOYWN,0.010515814724672078,No
4334,6116-RFVHN,0.5432752128961666,Yes
768,1116-FRYVH,0.06300923154808079,No
3792,5334-AFQJB,0.010065920587391091,No
3059,4377-VDHYI,0.327718540152501,No
2953,4211-MMAZN,0.25999840811033514,No
6037,8552-OBVRU,0.2834809213028078,No
6820,9688-YGXVR,0.3259014387257693,No
419,0620-DLSLK,0.4222056027977337,No
2501,3577-AMVUX,0.3157300784880806,No
2856,4077-CROMM,0.48604017845352104,No
4033,5687-DKDTV,0.09792748542453579,No
4280,6029-WTIPC,0.4932779288759339,No
643,0942-KOWSM,0.06353071993072792,No
1314,1955-IBMMB,0.004760863977060314,No
6700,9514-JDSKI,0.4662628254115808,No
885,1291-CUOCY,0.05676398340455482,No
6139,8699-ASUFO,0.633696785429318,Yes
3609,5122-CYFXA,0.36514095454088535,No
3612,5126-RCXYW,0.02009307250990113,No
441,0644-OQMDK,0.6808510429994178,Yes
2001,2887-JPYLU,0.18807633448346583,No
6600,9381-NDKME,0.20125728803751305,No
6739,9571-EDEBV,0.13473831336187791,No
2717,3865-ZYKAD,0.22215451047000648,No
4612,6504-VBLFL,0.0180216807352209,No
253,0378-XSZPU,0.02621801156244178,No
1839,2674-MLXMN,0.3526518231386681,No
5272,7434-SHXLS,0.3416472992832951,No
3464,4910-AQFFX,0.6309273083181474,Yes
349,0516-QREYC,0.05241530585625166,No
2627,3737-GCSPV,0.5264863950195123,Yes
3702,5208-FVQKB,0.015136311022241998,No
1062,1550-LOAHA,0.40414273331113376,No
1678,2450-ZKEED,0.1527483665463651,No
1409,2080-CAZNM,0.4246623809480235,No
2758,3926-YZVVX,0.06072117804550995,No
156,0257-KXZGU,0.16902505761051378,No
439,0641-EVBOJ,0.5349338153221347,Yes
2735,3891-PUQOD,0.6410795595186833,Yes
1483,2190-BCXEC,0.2884524260583663,No
50,0083-PIVIK,0.030798119475433247,No
2135,3067-SVMTC,0.016916650065562432,No
7003,9938-PRCVK,0.012565868014593045,No
2783,3957-SQXML,0.029351403138571718,No
2281,3258-ZKPAI,0.016589684434095843,No
6710,9530-EHPOH,0.46082864804667834,No
3865,5442-BXVND,0.08204480145746708,No
4936,6953-PBDIN,0.010769002571223792,No
1758,2569-WGERO,0.004669134369676686,No
147,0244-LGNFY,0.032445178918813815,No
3403,4827-DPADN,0.023846693755645198,No
5092,7156-MHUGY,0.6472045612751807,Yes
4930,6941-KXRRV,0.09030838661033107,No
388,0575-CUQOV,0.2506214945731194,No
2338,3347-YJZZE,0.1626658179534652,No
4712,6637-KYRCV,0.4251779688744527,No
4943,6961-VCPMC,0.46800610165148515,No
7007,9940-RHLFB,0.8464802500849664,Yes
1863,2700-LUEVA,0.3065586654557803,No
5968,8409-WQJUX,0.0840093164324467,No
3629,5141-ZUVBH,0.595183365264826,Yes
5555,7821-DPRQE,0.1467207555349812,No
4795,6736-DHUQI,0.0421491503606197,No
6693,9507-EXLTT,0.7979398220504108,Yes
1595,2323-ARSVR,0.12504851139635056,No
2911,4140-WJAWW,0.120895873049674,No
3889,5469-NUJUR,0.010448935282824827,No
5313,7504-UWHNB,0.4769848437390361,No
5944,8382-SHQEH,0.7003912752229329,Yes
3639,5149-QYTTU,0.020410255659322328,No
2215,3170-NMYVV,0.005441548192719771,No
1669,2432-TFSMK,0.24676576492050858,No
2438,3489-VSFRD,0.020546903434331028,No
4396,6198-ZFIOJ,0.7209072153602791,Yes
4264,6000-UKLWI,0.011964640629855607,No
4847,6834-NXDCA,0.45593291588877993,No
6331,8966-OIQHG,0.014418441917327884,No
1873,2719-BDAQO,0.534814937026022,Yes
1504,2208-NQBCT,0.5175789204362452,Yes
1440,2123-AGEEN,0.7338893955113632,Yes
4354,6137-NICCO,0.7877346827399992,Yes
5700,8033-VCZGH,0.1707381770303742,No
135,0228-MAUWC,0.27789529337888735,No
186,0302-JOIVN,0.7459320563583911,Yes
5864,8242-PDSGJ,0.028382080265575024,No
4156,5876-QMYLD,0.011934911920384539,No
3799,5343-SGUBI,0.13450816532064191,No
2684,3807-XHCJH,0.3798656673868664,No
480,0701-RFGFI,0.35264908763178304,No
2975,4250-ZBWLV,0.16019551508422547,No
2418,3460-TJBWI,0.030997701072134367,No
59,0103-CSITQ,0.09807048375363724,No
3017,4317-VTEOA,0.561470412704693,Yes
6279,8883-GRDWQ,0.02879186429581585,No
6460,9140-CZQZZ,0.01448463270900581,No
6793,9640-ZSLDC,0.06654929814413023,No
6327,8961-QDZZJ,0.2007851598365603,No
3302,4707-YNOQA,0.02736629656195953,No
4991,7017-VFHAY,0.05615471611367179,No
1033,1493-AMTIE,0.2644996060813435,No
2865,4083-BFNYK,0.16393374820063578,No
1428,2105-PHWON,0.27364541331961767,No
3896,5480-XTFFL,0.010371495329126157,No
1103,1608-GMEWB,0.35544380098745093,No
3367,4801-JZAZL,0.3855032748979781,No
6627,9415-ZNBSX,0.017045356255359218,No
1728,2519-FAKOD,0.3653220868754073,No
90,0142-GVYSN,0.08755919105208954,No
4030,5684-FJVYR,0.08712081952858763,No
1140,1679-JRFBR,0.030832941824146656,No
753,1097-FSPVW,0.18282885027399082,No
3989,5624-RYAMH,0.18318089531240195,No
3935,5539-TMZLF,0.8326491635829002,Yes
3703,5208-HFSBT,0.37494280942175023,No
5376,7593-JNWRU,0.3544579399899186,No
731,1078-TDCRN,0.44226130364693284,No
5771,8118-LSUEL,0.553711002829358,Yes
1868,2712-SYWAY,0.3291208484851872,No
4140,5850-BDWCY,0.10133708737661604,No
2780,3956-MGXOG,0.4772663426910872,No
621,0909-SELIE,0.01651805224158676,No
3004,4299-SIMNS,0.6269916705064692,Yes
1658,2408-TZMJL,0.07779868641538866,No
475,0691-JVSYA,0.129079616963077,No
2761,3932-CMDTD,0.3689730987811135,No
3000,4293-ETKAP,0.020424115566979734,No
384,0567-XRHCU,0.020332187731445583,No
2887,4115-NZRKS,0.7190738675694783,Yes
137,0230-UBYPQ,0.010408608835498155,No
917,1335-HQMKX,0.20087698701277243,No
291,0428-IKYCP,0.3480080138333368,No
5229,7359-SSBJK,0.010789862055946535,No
247,0376-OIWME,0.476335262209523,No
6221,8799-OXZMD,0.16715230863822036,No
6389,9053-JZFKV,0.03171301070391197,No
3232,4629-NRXKX,0.7311795210707993,Yes
6567,9334-GWGOW,0.6946442585802401,Yes
2287,3266-FTKHB,0.012681460374614881,No
4268,6010-DDPPW,0.012022768592137079,No
485,0708-LGSMF,0.41066431339669246,No
4655,6569-KTMDU,0.2820600626832113,No
4032,5686-CMAWK,0.31106781961148683,No
4816,6772-WFQRD,0.011746404696072828,No
4431,6248-BSHKG,0.004759459880702885,No
5193,7306-YDSOI,0.01643244399914302,No
6994,9926-PJHDQ,0.04439327135321111,No
5095,7159-FVYPK,0.44097004828931496,No
5663,7980-MHFLQ,0.010065920587391091,No
2525,3612-YVGSJ,0.00942985446913319,No
2226,3186-AJIEK,0.10486624303049381,No
1941,2817-LVCPP,0.006042775577457205,No
3141,4508-OEBEY,0.06837595787467247,No
2307,3307-TLCUD,0.21654402243916487,No
3331,4745-LSPLO,0.31070617503432435,No
1313,1952-DVVSW,0.019040846043533628,No
2527,3620-EHIMZ,0.006042775577457205,No
6958,9867-XOBQA,0.09549984369581611,No
6847,9728-FTTVZ,0.8414841595564162,Yes
6310,8930-XOTDP,0.23190054464737128,No
4506,6352-GIGGQ,0.01610423132515451,No
1213,1790-NESIO,0.012760503204996205,No
598,0875-CABNR,0.5906391409010461,Yes
4253,5995-OIGLP,0.24788023281951171,No
2654,3769-MHZNV,0.011190599303576349,No
4894,6896-SRVYQ,0.4587233625161353,No
4137,5847-MXBEO,0.01435656580629274,No
2897,4128-ETESU,0.5100526848116776,Yes
783,1139-WUOAH,0.016562640392241583,No
1906,2775-SEFEE,0.07797869455215342,No
6825,9695-IDRZR,0.09132668163056175,No
4711,6635-MYYYZ,0.07152474873898057,No
4563,6434-TTGJP,0.05652705764489209,No
452,0665-XHDJU,0.19682283804731557,No
383,0567-GGCAC,0.2806986006555562,No
3427,4854-SSLTN,0.0731370818452451,No
6738,9570-KYEUA,0.07235491778906895,No
5914,8327-WKMIE,0.012462033910420462,No
5978,8430-TWCBX,0.005532239460229644,No
6428,9102-IAYHT,0.5560650357855903,Yes
2807,3995-WFCSM,0.634544526490746,Yes
6804,9659-QEQSY,0.27151042776891077,No
1099,1599-EAHXY,0.0133011054512417,No
1986,2869-ADAWR,0.3370586179476932,No
3870,5445-GLVOT,0.47898997213199934,No
2428,3473-XIIIT,0.6048979016778298,Yes
6808,9661-MHUMO,0.3813736481133989,No
6501,9223-UCPVT,0.8448536432756864,Yes
5583,7860-KSUGX,0.03041637184381144,No
4049,5702-KVQRD,0.0274588332206222,No
4726,6654-QGBZZ,0.28604743143349515,No
1233,1830-IPXVJ,0.004838428840090277,No
6396,9058-MJLZC,0.5432577559379381,Yes
6076,8612-GXIDD,0.028239338012051713,No
1939,2812-SFXMJ,0.27547631991602306,No
178,0289-IVARM,0.21512375900836728,No
6979,9906-NHHVC,0.07212431614597245,No
3485,4936-YPJNK,0.11683182913291841,No
6940,9844-FELAJ,0.154447732071551,No
1252,1852-QSWCD,0.010150684643659343,No
221,0337-CNPZE,0.4319113427989089,No
5056,7109-CQYUZ,0.02778344704542123,No
3534,5014-WUQMG,0.14935951424955365,No
4770,6713-OKOMC,0.22385947315797142,No
466,0680-DFNNY,0.6215465841788681,Yes
6012,8495-LJDFO,0.17018221210008352,No
1670,2433-KMEAS,0.4260336578609359,No
3097,4441-NIHPT,0.6500663789794874,Yes
2791,3970-XGJDU,0.004944592106875307,No
5888,8277-RVRSV,0.03227003994059582,No
3851,5414-OFQCB,0.08801141708093599,No
2460,3521-SYVOR,0.27911609229294926,No
3281,4686-UXDML,0.3612792616709543,No
559,0823-HSCDJ,0.33412091971096386,No
1295,1927-QEWMY,0.005013307827488661,No
2302,3295-YVUSR,0.7258023922175593,Yes
188,0303-WMMRN,0.13896850638344926,No
4516,6366-XIVKZ,0.22896409867984813,No
88,0139-IVFJG,0.4702726000857028,No
1426,2101-RANCD,0.4472419673126996,No
2925,4177-JPDFU,0.2321639375599071,No
3407,4829-AUOAX,0.36406032990450493,No
3413,4835-YSJMR,0.06716993513354479,No
1084,1577-HKTFG,0.06251251189669361,No
2716,3865-ZFZIB,0.010728669242136253,No
2638,3750-YHRYO,0.020236278285182933,No
2866,4083-EUGRJ,0.1005348060398405,No
5365,7576-JMYWV,0.2626253872990126,No
49,0082-OQIQY,0.46649732876158756,No
3199,4584-LBNMK,0.028457906841729563,No
4038,5696-CEIQJ,0.07834411588066034,No
4665,6583-KQJLK,0.6426917037418255,Yes
199,0314-TKOSI,0.28666177403652654,No
4157,5879-HMFFH,0.018352981992686784,No
1075,1567-DSCIC,0.7352769824376719,Yes
103,0186-CAERR,0.019277631725763817,No
6486,9189-JWSHV,0.5493349427880054,Yes
2814,4003-FUSHP,0.2188266701316718,No
2288,3269-ATYWD,0.3891113374917723,No
5666,7989-CHGTL,0.26461730847476794,No
2429,3474-BAFSJ,0.04345041908961379,No
52,0093-EXYQL,0.5001623246308752,Yes
970,1402-PTHGN,0.036160691732558155,No
4249,5989-PGKJB,0.5914124734605006,Yes
5588,7869-ZYDST,0.19348239843864273,No
6923,9823-EALYC,0.01572639498867769,No
5916,8329-GWVPJ,0.30356850072738356,No
6516,9248-OJYKK,0.8447052266740361,Yes
3,0011-IGKFF,0.656817192730712,Yes
2616,3724-UCSHY,0.12944048300698355,No
5975,8417-GSODA,0.21226268915970334,No
5176,7278-CKDNC,0.5490538819844726,Yes
7034,9978-HYCIN,0.17752294549565006,No
4493,6339-YPSAH,0.6597605372484372,Yes
3342,4760-XOHVN,0.26247610477106426,No
4183,5914-GXMDA,0.011930715577202673,No
6957,9867-NNXLC,0.05950762579037043,No
2890,4116-TZAQJ,0.4778277199723633,No
1692,2466-NEJOJ,0.11958900643545015,No
6248,8840-DQLGN,0.2402655635559575,No
5936,8372-JUXUI,0.8249664504312583,Yes
55,0096-BXERS,0.4546171365088694,No
3781,5318-YKDPV,0.046819979002455554,No
4010,5651-CRHKQ,0.1592171244861163,No
738,1087-UDSIH,0.13638218526278742,No
3022,4323-OHFOW,0.12178050411128456,No
3499,4957-SREEC,0.005202599994030452,No
856,1241-EZFMJ,0.009919653832519616,No
7040,9992-UJOEL,0.46051259277233086,No
654,0958-YHXGP,0.6451406751782635,Yes
1019,1471-GIQKQ,0.4913794321988575,No
2532,3627-FCRDW,0.6363287797329419,Yes
3631,5143-WMWOG,0.3772305322517313,No
6344,8984-EYLLL,0.18979502858664077,No
3215,4612-SSVHJ,0.5168906296179341,Yes
3406,4828-FAZPK,0.425068062687261,No
4851,6838-YAUVY,0.16443379938134065,No
5277,7446-KQISO,0.18706075197142882,No
6604,9388-ZEYVT,0.0515600277701758,No
2548,3644-QXEHN,0.666722962139835,Yes
1830,2669-OIDSD,0.28353556367881566,No
4125,5834-ASPWA,0.8326908935402254,Yes
6148,8710-YGLWG,0.5546628845969687,Yes
6456,9137-UIYPG,0.2520556128392859,No
2230,3190-XFANI,0.11280191412097422,No
3759,5296-BFCYD,0.008553896285953582,No
2395,3423-HHXAO,0.01364707670092072,No
1949,2826-UWHIS,0.3440563762960212,No
2708,3855-ONCAR,0.7321152192475776,Yes
1541,2252-ISRNH,0.38711477451915227,No
1704,2480-SQIOB,0.6239945683364325,Yes
5507,7754-IXRMC,0.543222536414685,Yes
4607,6497-TILVL,0.18400115127810768,No
511,0744-BIKKF,0.018761790575408412,No
4153,5872-OEQNH,0.0126866009612288,No
1274,1894-IGFSG,0.5397678448640348,Yes
4259,5997-OPVFA,0.01572639498867769,No
5318,7511-YMXVQ,0.4497543974877987,No
4389,6185-TASNN,0.727947767050713,Yes
6169,8735-SDUFN,0.010065920587391091,No
6708,9526-JAWYF,0.5544879442159297,Yes
2631,3744-ZBHON,0.16532272339513118,No
141,0234-TEVTT,0.05712062998139334,No
1450,2141-RRYGO,0.38496529463755796,No
4121,5829-NVSQN,0.10605767235127699,No
2147,3082-VQXNH,0.4229915076378091,No
4194,5922-ABDVO,0.3481195695068066,No
956,1389-CXMLU,0.7736879775526596,Yes
4067,5734-EJKXG,0.09244548837543849,No
4777,6725-TPKJO,0.010515814724672078,No
3693,5201-FRKKS,0.3939981220583183,No
3695,5202-IVJNU,0.17594072533987887,No
1673,2439-LYPMQ,0.4492537261260079,No
5751,8091-TTVAX,0.12761023195062068,No
94,0156-FVPTA,0.1891151328830052,No
3479,4929-BSTRX,0.6173371799056604,Yes
3380,4815-TUMEQ,0.020146472280218562,No
307,0455-ENTCR,0.036906047197719345,No
1613,2348-KCJLT,0.0529793329504384,No
5637,7945-PRBVF,0.016799961043073165,No
105,0187-WZNAB,0.41230907036926673,No
1172,1725-MIMXW,0.26247610477106426,No
4351,6134-KWTBV,0.009766069259043959,No
834,1216-BGTSP,0.24820723661100225,No
2140,3070-FNFZQ,0.01199678803141968,No
3574,5063-IUOKK,0.017647076700920722,No
2776,3950-VPYJB,0.02117616011037133,No
7017,9957-YODKZ,0.7630011641261415,Yes
1788,2612-PHGOX,0.011459687249151824,No
3893,5478-JJVZK,0.1670703171541645,No
2502,3580-GICBM,0.010600672542781577,No
6839,9714-EDSUC,0.5668687972334291,Yes
3860,5438-QMDDL,0.20605537509263844,No
1370,2034-GDRCN,0.7696222940432395,Yes
4119,5828-AVIPD,0.3009983265793097,No
5533,7789-HKSBS,0.14420730397751066,No
5162,7255-SSFBC,0.059996681570412526,No
5708,8042-JVNFH,0.6885559547889284,Yes
6642,9444-JTXHZ,0.8428284390324091,Yes
513,0746-JTRFU,0.6911499623110186,Yes
6540,9283-LZQOH,0.44935746794425474,No
5031,7074-IEVOJ,0.7617751367338947,Yes
5230,7359-WWYJV,0.021761259862449436,No
1967,2845-KDHVX,0.010153526471906855,No
354,0519-XUZJU,0.6779658835930724,Yes
2451,3511-APPBJ,0.14298555223270515,No
4490,6339-DKLMK,0.3270672895850372,No
1085,1579-KLYDT,0.7302910145365895,Yes
5754,8096-LOIST,0.44542509148227444,No
5657,7975-JMZNT,0.01610423132515451,No
7009,9944-AEXBM,0.4123701140794332,No
5941,8378-LKJAF,0.34809429999011166,No
1552,2265-CYWIV,0.5891478112669758,Yes
371,0549-CYCQN,0.12460633072833602,No
5423,7636-OWBPG,0.19272209629064435,No
1590,2320-SLKMB,0.1383887958034884,No
6909,9804-ICWBG,0.8110212550057564,Yes
5104,7173-TETGO,0.035438166872664344,No
5294,7473-ZBDSN,0.01663634841203135,No
5640,7951-VRDVK,0.0728741672766944,No
2611,3721-CNZHX,0.014367342741609297,No
6905,9801-GDWGV,0.43812832705760363,No
2480,3549-ZTMNH,0.037086367158915154,No
6010,8486-AYEQH,0.49375935843003405,No
2727,3882-IYOIJ,0.04323934881279916,No
1077,1568-LJSZU,0.016658180300156117,No
5987,8443-ZRDBZ,0.7546036509401164,Yes
3250,4648-YPBTM,0.03734652436655009,No
6851,9732-OUYRN,0.00871752569328153,No
5938,8374-XGEJJ,0.4547379373677185,No
4148,5863-OOKCL,0.14147666824211882,No
2018,2911-IJORQ,0.05179004869005056,No
1318,1960-UYCNN,0.7480603427101202,Yes
5064,7123-WQUHX,0.2320454267781155,No
5831,8205-MQUGY,0.4237870842193843,No
138,0230-WEQUW,0.018949433069012186,No
3667,5175-WLYXL,0.371678799700772,No
1993,2878-RMWXY,0.027485596756165808,No
5884,8268-YDIXR,0.13763713137687852,No
2942,4194-FJARJ,0.014569366673182517,No
6667,9483-GCPWE,0.019040846043533628,No
1249,1848-LBZHY,0.20397024357334323,No
4621,6516-NKQBO,0.051370314459855064,No
1808,2639-UGMAZ,0.0430982110494709,No
686,1015-OWJKI,0.2820600626832113,No
1601,2330-PQGDQ,0.10925009860255878,No
1158,1702-CCFNJ,0.13019619571757934,No
175,0281-CNTZX,0.004803747036452771,No
763,1110-KYLGQ,0.19974799572283605,No
4849,6837-HAEVO,0.20499010525961187,No
3517,4987-GQWPO,0.2554482160282118,No
4027,5678-VFNEQ,0.07269504259337616,No
106,0188-GWFLE,0.15161962748849547,No
5639,7951-QKZPL,0.03227003994059582,No
6740,9572-MTILT,0.14928380743607478,No
1116,1628-BIZYP,0.8346113676756128,Yes
4136,5846-QFDFI,0.2800966896576945,No
4507,6352-TWCAU,0.5136274294294143,Yes
4413,6221-AVQYL,0.7258023922175593,Yes
1647,2391-SOORI,0.40267296703411487,No
1994,2880-FPNAE,0.7926546267479161,Yes
1391,2057-BOYKM,0.016944630196430693,No
4674,6595-YGXIT,0.551600121005234,Yes
4226,5961-VUSRV,0.018696825515538872,No
4642,6549-YMFAW,0.09897429704201746,No
3346,4770-QAZXN,0.12771588437767142,No
6411,9079-LWTFD,0.21547485063837601,No
4168,5893-PYOLZ,0.029519278319869537,No
2206,3161-ONRWK,0.015783994918341017,No
6778,9624-EGDEQ,0.01292241622473536,No
6094,8631-NBHFZ,0.01610423132515451,No
5287,7465-ZZRVX,0.7900615098412959,Yes
5190,7301-ABVAD,0.010136659683015596,No
4118,5827-MWCZK,0.15810420800335748,No
3410,4831-EOBFE,0.3527892296458232,No
3045,4360-QRAVE,0.27298171535832816,No
864,1257-SXUXQ,0.13651913319154954,No
6150,8713-IGZSO,0.18657864158453133,No
3779,5317-FLPJF,0.026645358284390134,No
4922,6923-JHPMP,0.6199925733794354,Yes
1536,2243-FNMMI,0.07315663153066847,No
5308,7502-BNYGS,0.23096549018397777,No
4680,6599-SFQVE,0.4850068836918828,No
4073,5751-USDBL,0.03783293275105424,No
610,0895-LNKRC,0.023882516572821273,No
6101,8640-SDGKB,0.37211964203789627,No
2139,3070-DVEYC,0.6404296495151232,Yes
4138,5848-FHRFC,0.004834789230540283,No
6980,9907-SWKKF,0.5705856902469534,Yes
5804,8169-SAEJD,0.01484826489766527,No
859,1247-QBVSH,0.2160889026079464,No
6244,8824-RWFXJ,0.4192830049778765,No
6782,9626-VFRGG,0.3460261176732448,No
4574,6447-GORXK,0.2400697671552287,No
1556,2267-WTPYD,0.33554834078424933,No
3159,4530-NDRKU,0.035906758192672944,No
5635,7943-RQCHR,0.7223811289412703,Yes
3506,4967-WPNCF,0.019491596732535362,No
3955,5568-DMXZS,0.2292646116350266,No
3292,4701-AHWMW,0.11433202086676429,No
5694,8022-BECSI,0.015096682079919065,No
2536,3633-CDBUW,0.07556292252508985,No
392,0580-PIQHM,0.11718038399626816,No
4452,6278-FEPBZ,0.1005348060398405,No
2261,3230-JCNZS,0.02980684286351235,No
324,0484-FFVBJ,0.0895260986402745,No
2930,4184-TJFAN,0.5457421861773079,Yes
7013,9948-YPTDG,0.378845431890275,No
6605,9389-ACWBI,0.7029814010206027,Yes
3679,5186-SAMNZ,0.8036450634146908,Yes
1849,2683-JXWQQ,0.1447701840863225,No
4940,6959-UWKHF,0.686664611571273,Yes
4433,6250-CGGUN,0.1276158577537907,No
1066,1555-DJEQW,0.04203935078785572,No
430,0626-QXNGV,0.010065920587391091,No
1198,1764-VUUMT,0.004834789230540283,No
2334,3340-QBBFM,0.08337826078030183,No
7033,9975-SKRNR,0.2878135932406882,No
3632,5144-PQCDZ,0.11740853062735467,No
2325,3324-OIRTO,0.049372084968090396,No
4163,5886-VLQVU,0.26171732655594687,No
6068,8601-QACRS,0.45035154746948874,No
1251,1850-AKQEP,0.09877496217782399,No
3177,4554-YGZIH,0.3086465801818615,No
4189,5917-RYRMG,0.011650981617891245,No
6253,8849-GYOKR,0.13983175039427528,No
1301,1932-UEDCX,0.38227710116068003,No
310,0459-SPZHJ,0.04335883507833988,No
483,0704-VCUMB,0.004697583769667743,No
6695,9508-ILZDG,0.44567179023701714,No
1240,1839-FBNFR,0.015370817969047162,No
3471,4918-QLLIW,0.6148414416539049,Yes
6593,9369-XFEHK,0.3900747150381333,No
5145,7242-EDTYC,0.01111704210940951,No
6154,8717-VCTXJ,0.012007917349455728,No
6195,8761-NSOBC,0.42323709426869244,No
4673,6595-COKXZ,0.5656105529130582,Yes
3432,4868-AADLV,0.08338246196351098,No
326,0485-ZBSLN,0.010356164095714136,No
1356,2018-PZKMU,0.543340507393195,Yes
1241,1839-UMACK,0.02344042920971277,No
2939,4192-GORJT,0.7732866755971447,Yes
5235,7375-WMVMT,0.09653014633580978,No
5866,8245-UMPYT,0.6211616442725776,Yes
6360,8999-YPYBV,0.03973545915811998,No
765,1113-IUJYX,0.22788071195446574,No
523,0769-MURVM,0.019491596732535362,No
4783,6728-VOIFY,0.21144762667720365,No
3305,4710-NKCAW,0.23260280531214395,No
4134,5846-ABOBJ,0.00942985446913319,No
1138,1676-MQAOA,0.024412145141641237,No
4218,5954-BDFSG,0.15060313269456424,No
705,1041-RXHRA,0.35850434683894394,No
3311,4716-MRVEN,0.010787373497124737,No
3659,5171-EPLKN,0.011247755811439634,No
3241,4636-QRJKY,0.6867249906035567,Yes
5710,8043-PNYSD,0.004944592106875307,No
1374,2038-OEQZH,0.7762462587632666,Yes
4314,6082-OQFBA,0.012675028194010863,No
2663,3785-KTYSH,0.01454482047771743,No
1724,2514-GINMM,0.8447052266740361,Yes
4427,6242-MBHPK,0.5432577559379381,Yes
1746,2545-EBUPK,0.7853176759843783,Yes
4941,6960-HVYXR,0.8313076010061866,Yes
1853,2690-DVRVK,0.14835577628966282,No
3102,4450-DLLMH,0.6147410017192931,Yes
5688,8016-NCFVO,0.19444523481181428,No
4210,5945-AZYHT,0.06279084049334302,No
6560,9318-NKNFC,0.2778135932406883,No
5577,7854-EDSSA,0.27380336625864016,No
3614,5129-HHMZC,0.06679563130946092,No
578,0848-ZGQIJ,0.43468804578618164,No
4238,5980-NOPLP,0.49202686262424017,No
4517,6366-ZGQGL,0.5435517575181958,Yes
4401,6203-HBZPA,0.029274110593910253,No
5597,7878-RTCZG,0.28604743143349515,No
6204,8777-MBMTS,0.131581678353492,No
6229,8808-ELEHO,0.7282574674468357,Yes
1990,2876-VBBBL,0.25999840811033514,No
4707,6631-HMANX,0.010136659683015596,No
901,1309-BXVOQ,0.5272369266603549,Yes
2922,4174-LPGTI,0.11698328292656013,No
4939,6959-GQEGV,0.2347152561006694,No
6320,8946-BFWSG,0.009085050548781996,No
36,0058-EVZWM,0.2068193089486871,No
6162,8728-SKJLR,0.4463179419687487,No
959,1393-IMKZG,0.7519175544156345,Yes
1219,1803-BGNBD,0.22390122313716304,No
3253,4654-DLAMQ,0.046493065202663386,No
2111,3030-YDNRM,0.6682118315214,Yes
5652,7968-QUXNS,0.15508195010992343,No
4179,5908-QMGOE,0.44904190611207645,No
4463,6292-TOSSS,0.014739625672522622,No
4725,6653-CBBOM,0.7900615098412959,Yes
5467,7693-QPEFS,0.3217409056948037,No
4444,6261-LHRTG,0.1725670040682881,No
6963,9880-TDQAC,0.04890210717158401,No
4040,5696-JVVQY,0.07131346729512529,No
1216,1794-HBQTJ,0.3088688757027187,No
2695,3831-YCPUO,0.016944630196430693,No
6657,9470-YFUYI,0.010910229134596952,No
4657,6574-MCOEH,0.08086036439876935,No
1922,2798-NYLMZ,0.10763435191092834,No
2550,3646-ITDGM,0.005734891417338751,No
6885,9778-OGKQZ,0.01572639498867769,No
4691,6616-AALSR,0.09105953655378807,No
755,1098-TDVUQ,0.2511670971913004,No
3858,5429-LWCMV,0.6895111389324861,Yes
2853,4074-SJFFA,0.6079341601611773,Yes
2439,3494-JCHRQ,0.7714835183883046,Yes
3451,4892-VLANZ,0.26184000859370105,No
5346,7551-JOHTI,0.26247610477106426,No
467,0682-USIXD,0.48472210490908874,No
5876,8262-COGGB,0.2873185107273052,No
4128,5839-SUYVZ,0.38335164830396073,No
2004,2890-WFBHU,0.018886731111877674,No
334,0491-KAPQG,0.540496022558863,Yes
4572,6445-TNRXS,0.04000109685412097,No
296,0436-TWFFZ,0.021827402998384052,No
5175,7277-OZCGZ,0.3455776794468875,No
2613,3722-WPXTK,0.8342944659496513,Yes
5097,7161-DFHUF,0.00942985446913319,No
5179,7284-BUYEC,0.3761446928944855,No
609,0895-LMRSF,0.13541027861813654,No
1120,1635-NZATJ,0.007716447094903619,No
5281,7450-NWRTR,0.6732506799522661,Yes
3962,5575-GNVDE,0.07396794584924288,No
6130,8680-CGLTP,0.03237872518385002,No
2614,3723-BFBGR,0.20641216542316065,No
340,0506-LVNGN,0.67529266124548,Yes
1966,2845-HSJCY,0.6619434548736289,Yes
4231,5968-XQIVE,0.20170547176679157,No
564,0829-XXPLX,0.29709462037793755,No
2009,2898-LSJGD,0.09213971076854544,No
5887,8276-MQBYC,0.48587986783348464,No
5706,8040-MNRTF,0.7244908353438306,Yes
4239,5981-ITEMU,0.3864976676320678,No
4419,6230-BSUXY,0.8349972251195232,Yes
4479,6322-HRPFA,0.0750512237450712,No
2558,3657-COGMW,0.24771586649525745,No
298,0440-EKDCF,0.016086087062001687,No
512,0744-GKNGE,0.20169271449877763,No
963,1396-QWFBJ,0.3903161463855269,No
4881,6876-ADESB,0.6229207620980123,Yes
4068,5736-YEJAX,0.0177596693941149,No
4947,6967-QIQRV,0.3068231750602569,No
4160,5883-GTGVD,0.5495515565975793,Yes
5622,7923-IYJWY,0.03171301070391197,No
402,0599-XNYDO,0.36713643115249894,No
2591,3704-IEAXF,0.01979999367132215,No
5088,7147-AYBAA,0.3599557475458801,No
3911,5502-RLUYV,0.39716777139637494,No
4224,5960-MVTUK,0.4279614712797749,No
618,0906-QVPMS,0.021761259862449436,No
4184,5914-XRFQB,0.0168460946905061,No
3267,4671-LXRDQ,0.5512570697890008,Yes
752,1096-ADRUX,0.14281025903194755,No
4410,6217-KDYWC,0.005362091361797747,No
3589,5088-QZLRL,0.3161357491170536,No
2637,3750-RNQKR,0.13361601110079602,No
5261,7410-KTVFV,0.1931216320120493,No
848,1228-ZLNBX,0.3909812424499001,No
3975,5600-KTXFM,0.7465734752065281,Yes
255,0380-NEAVX,0.3895868277617272,No
2282,3259-FDWOY,0.10271502616974659,No
6944,9847-HNVGP,0.011269247782824827,No
830,1213-NGCUN,0.27330505544927264,No
3878,5451-MHQOF,0.015107804250235939,No
3582,5074-FBGHB,0.15358357086752394,No
1617,2359-KLTEK,0.3757317858857448,No
884,1285-OKIPP,0.8447052266740361,Yes
6520,9251-WNSOD,0.030404595007767963,No
3665,5174-RNGBH,0.18861677376500258,No
5809,8180-AKMJV,0.5656105529130582,Yes
3960,5572-ZDXHY,0.38222642130230006,No
5012,7044-YAACC,0.7056607591842713,Yes
4477,6319-IEJWJ,0.5378985142594264,Yes
4907,6907-CQGPN,0.18545340822621953,No
1226,1814-WFGVS,0.02684984553107179,No
4871,6861-XWTWQ,0.7511464290380476,Yes
3063,4385-GZQXV,0.6215541202901599,Yes
2375,3400-ESFUW,0.02094462451543975,No
6840,9715-SBVSU,0.06997493751993378,No
2192,3143-ILDAL,0.2729109187287798,No
4570,6439-PKTRR,0.014517103510940554,No
3892,5474-LAMUQ,0.011934911920384539,No
543,0799-DDIHE,0.49234528198845245,No
1968,2848-YXSMW,0.0051893641655168295,No
1537,2245-ADZFJ,0.08064762450073654,No
233,0362-RAOQO,0.012285755969775117,No
4082,5766-FTRTS,0.014800910526333666,No
1725,2516-VQRRV,0.7433717377847608,Yes
2042,2937-FTHUR,0.4275092147028692,No
3247,4646-QZXTF,0.19383533040191828,No
21,0023-XUOPT,0.6512433757431019,Yes
3691,5199-FPUSP,0.04941682187686572,No
4995,7020-OZKXZ,0.5656365374323699,Yes
1827,2665-NPTGL,0.38906150292388864,No
6790,9637-EIHEQ,0.50633724139408,Yes
2992,4285-GYRQC,0.7253282625909973,Yes
6981,9909-DFRJA,0.1544693277215149,No
2778,3955-JBZZM,0.5290918755850962,Yes
4352,6135-OZQVA,0.3532239394631245,No
1453,2144-ESWKO,0.05202791801099698,No
1729,2519-LBNQL,0.24218824002883071,No
4092,5781-RFZRP,0.01782013660919467,No
3436,4872-VXRIL,0.028613090000797436,No
4921,6923-EFPNL,0.540610015271562,Yes
1764,2580-ASVVY,0.035899680528488576,No
66,0112-QAWRZ,0.39588291363943184,No
5382,7596-IIWYC,0.010787373497124737,No
6935,9838-BFCQT,0.007912931457790288,No
5503,7748-UMTRK,0.47070937359792175,No
1094,1591-XWLGB,0.00466402530388042,No
5366,7576-OYWBN,0.7477244624302264,Yes
1825,2662-NNTDK,0.010356164095714136,No
2390,3420-YJLQT,0.761150785744752,Yes
2296,3280-NMUVX,0.011930715577202673,No
1644,2387-KDZQY,0.01080886546850993,No
3333,4749-OJKQU,0.7606954446961474,Yes
5644,7957-RYHQD,0.29226373092966207,No
3006,4302-ZYFEL,0.00542933869437073,No
871,1265-BCFEO,0.016813779587844736,No
550,0812-WUPTB,0.7244908353438306,Yes
6236,8818-XYFCQ,0.3401239558922989,No
1506,2209-XADXF,0.5834669830335546,Yes
166,0266-GMEAO,0.021761259862449436,No
2568,3671-SHRSP,0.7244678830751218,Yes
456,0670-ANMUU,0.056502378880646714,No
2486,3557-HTYWR,0.0503677909622526,No
4475,6313-GIDIT,0.2947271667303999,No
3605,5118-MUEYH,0.28913898496782425,No
3118,4472-LVYGI,0.07689949710906355,No
6986,9917-KWRBE,0.05014198974883603,No
6833,9705-ZJBCG,0.059804697992600124,No
2948,4199-QHJNM,0.09675121030318223,No
5114,7190-XHTWJ,0.015246316335355791,No
1218,1796-JANOW,0.15161962748849547,No
2841,4054-CUMIA,0.05624140111939517,No
6394,9058-CBREO,0.5627561626694757,Yes
2048,2955-BJZHG,0.5291534086634995,Yes
3259,4659-NZRUF,0.5225502941830361,Yes
1843,2676-ISHSF,0.2648750221705934,No
5426,7638-QVMVY,0.6924784000953523,Yes
6161,8727-XDPUD,0.09521415863053323,No
6973,9895-VFOXH,0.5516327248762374,Yes
1916,2791-SFVEW,0.11468062460350838,No
897,1304-SEGFY,0.2114193948280444,No
2764,3934-HXCFZ,0.47462481735001133,No
5416,7629-WFGLW,0.09631971279255723,No
6911,9809-IMGCQ,0.5587664957157191,Yes
4429,6243-OZGFH,0.39111940727619954,No
2889,4116-IQRFR,0.041427684021689254,No
2422,3466-WAESX,0.26521526578526344,No
5915,8328-SKJNO,0.12166542533552129,No
2003,2889-FPWRM,0.016589684434095843,No
5686,8012-SOUDQ,0.4299913160864863,No
4201,5934-RMPOV,0.5509058973154538,Yes
6423,9095-HFAFX,0.69848580694973,Yes
1463,2160-GPFXD,0.046587827303360425,No
6452,9135-HSWOC,0.005329207491490691,No
5996,8457-XIGKN,0.0627216065737608,No
5711,8044-BGWPI,0.11627130368080034,No
4860,6849-WLEYG,0.26027005372587386,No
1668,2430-USGXP,0.5617904238039548,Yes
2361,3384-CTMSF,0.431175869341567,No
4928,6933-VLYFX,0.06148394281970696,No
5956,8398-TBIYD,0.03870760585104817,No
5776,8125-QPFJD,0.023704172450914072,No
1514,2225-ZRGSG,0.034305213612648336,No
227,0354-VXMJC,0.012675028194010863,No
2313,3313-QKNKB,0.1726208701313495,No
2161,3096-GKWEB,0.5467372472191078,Yes
6249,8844-TONUD,0.46402348742195826,No
5115,7191-ADRGF,0.1922334541696883,No
5454,7673-BQGKU,0.005367462583335587,No
4869,6860-YRJZP,0.6697325493434491,Yes
1253,1852-XEMDW,0.24644931347948734,No
7026,9970-QBCDA,0.1203893257212235,No
3547,5027-XWQHA,0.5091110617979708,Yes
5948,8387-UGUSU,0.12128176357348171,No
2673,3797-FKOGQ,0.6678516879543642,Yes
3174,4550-EVXNY,0.8391479772202339,Yes
1118,1635-FJFCC,0.45247090216995434,No
5697,8028-PNXHQ,0.009766069259043959,No
5863,8242-JSVBO,0.31701649871413573,No
866,1260-TTRXI,0.6265068682375741,Yes
655,0959-WHOKV,0.16460625653558192,No
3772,5310-NOOVA,0.051105697204872236,No
4569,6439-LAJXL,0.18885327620159476,No
586,0864-FVJNJ,0.18602461673506313,No
6745,9576-ANLXO,0.7406533317069433,Yes
1160,1704-NRWYE,0.6628321823970107,Yes
628,0924-BJCRC,0.4039758859499297,No
531,0781-LKXBR,0.7326157411095936,Yes
168,0269-XFESX,0.030997701072134367,No
713,1051-EQPZR,0.06546302137335408,No
960,1394-SUIUH,0.2537647605581441,No
1362,2026-TGDHM,0.6924784000953523,Yes
77,0125-LZQXK,0.614785766881111,Yes
6175,8740-XLHDR,0.2213171095710934,No
5143,7240-FQLHE,0.34634601521978725,No
6131,8681-ICONS,0.05221196768636804,No
6471,9163-GHAYE,0.3629297861687213,No
2149,3082-YVEKW,0.10376176761379821,No
4428,6242-SGYTS,0.05248869874125681,No
6420,9092-GDZKO,0.08113240400658714,No
126,0219-YTZUE,0.8217137936547833,Yes
3437,4873-ILOLJ,0.5372119414651082,Yes
5755,8097-OMULG,0.02021207359217141,No
1039,1502-XFCVR,0.13431892340325124,No
3213,4609-KNNWG,0.011247755811439634,No
4124,5832-XKAES,0.7544127725037242,Yes
973,1406-PUQVY,0.4913794321988575,No
6330,8966-KZXXA,0.029665861357203997,No
4524,6374-AFWOX,0.030254764212211217,No
2482,3551-GAEGL,0.059624770836659666,No
5946,8384-FZBJK,0.4403258500533797,No
4090,5780-INQIK,0.4040704845959937,No
3661,5172-RKOCB,0.03738142703622122,No
3098,4443-EMBNA,0.00942985446913319,No
6497,9214-EKVXR,0.55556590740853,Yes
1455,2150-OEGBV,0.010787373497124737,No
47,0080-OROZO,0.4190354358960138,No
5466,7693-LCKZL,0.7687703155784358,Yes
579,0851-DFJKB,0.2884401222315953,No
2672,3796-ENZGF,0.021298362209324545,No
4956,6979-ZNSFF,0.6978448240895251,Yes
1096,1596-OQSPS,0.35802929580454596,No
2490,3566-HJGPK,0.5407410549332036,Yes
5893,8292-FRFZQ,0.09474000659257788,No
2553,3649-JPUGY,0.00922960685430549,No
3846,5399-ZIMKF,0.72689051324379,Yes
353,0519-DRGTI,0.05043607737845028,No
5614,7905-TVXTA,0.4558250513894108,No
4294,6048-QBXKL,0.3935050333538757,No
4285,6034-ZRYCV,0.1515847229715969,No
501,0731-EBJQB,0.18094104601661237,No
440,0643-OKLRP,0.4936418053514888,No
2466,3528-HFRIQ,0.2181978250885412,No
5062,7115-IRDHS,0.010065920587391091,No
4652,6563-VRERX,0.01125247541461149,No
874,1265-ZFOSD,0.016068064342464525,No
6504,9227-LUNBG,0.7283425038928182,Yes
1474,2180-DXNEG,0.6391461591995895,Yes
2766,3936-QQFLL,0.15602096850071387,No
2025,2923-ARZLG,0.02799629372010618,No
791,1154-HYWWO,0.06392708249156792,No
735,1085-LDWAM,0.005367462583335587,No
2252,3217-FZDMN,0.6540964374064334,Yes
760,1104-FEJAM,0.3011921090208224,No
4169,5895-QSXOD,0.5694300875732804,Yes
2350,3370-GQEAL,0.5111172072131279,Yes
6903,9800-ONTFE,0.37400308586216136,No
4000,5644-PDMZC,0.7826590211528448,Yes
947,1371-WEPDS,0.12043836330264746,No
3139,4504-YOULA,0.1608974776479917,No
2777,3951-NJCVI,0.4920276978764398,No
4638,6543-XRMYR,0.49746877791069005,No
4406,6211-WWLTF,0.05548990989075071,No
2768,3941-XTSKM,0.0832990681422857,No
6181,8748-HFWBO,0.010448935282824827,No
2679,3803-KMQFW,0.3145586654557803,No
7027,9971-ZWPBF,0.40078083026811506,No
4225,5960-WPXQM,0.8447052266740361,Yes
1761,2576-HXMPA,0.26247610477106426,No
5186,7296-PIXQY,0.5488758815089337,Yes
6192,8756-RDDLT,0.2117828292661761,No
5959,8401-EMUWF,0.1470521092985127,No
4681,6603-QWSPR,0.18627059898067927,No
1919,2794-XIMMO,0.01890308734209101,No
4191,5919-TMRGD,0.8447052266740361,Yes
5769,8111-RKSPX,0.71115948371376,Yes
3540,5018-LXQQG,0.1400699132559497,No
1574,2293-IJWPS,0.12947846636644747,No
5862,8241-JUIQO,0.004838428840090277,No
3726,5240-IJOQT,0.8249664504312583,Yes
2833,4026-SKKHW,0.4462486964529199,No
3733,5248-YGIJN,0.01572639498867769,No
1329,1977-STDKI,0.8239081376273104,Yes
2642,3754-DXMRT,0.6288984247551257,Yes
2978,4256-ZWTZI,0.4477535153698415,No
4242,5982-PSMKW,0.11115379708629153,No
632,0928-JMXNP,0.6129410862459188,Yes
3970,5590-ZSKRV,0.20680502352917465,No
3917,5515-AKOAJ,0.33672055233917786,No
4913,6917-FIJHC,0.007912931457790288,No
2476,3544-FBCAS,0.02410644853433325,No
1945,2823-LKABH,0.31725536654600894,No
4442,6260-ONULR,0.4663768657883655,No
2198,3148-AOIQT,0.011724744443377753,No
2835,4030-VPZBD,0.4501833487626263,No
2068,2977-CEBSX,0.01610423132515451,No
6722,9547-ITEFG,0.7109741614441478,Yes
5203,7321-KKSDU,0.01125247541461149,No
3307,4712-UYOOI,0.07731116482694562,No
5311,7503-QQRVF,0.4184165929481198,No
6267,8869-TORSS,0.03548216191619527,No
1699,2476-YGEFM,0.38482301549586395,No
4394,6198-PNNSZ,0.06018521878773884,No
2544,3640-PHQXK,0.5246704415926291,Yes
4981,7008-LZVOZ,0.009116092742869508,No
6121,8670-ERCJH,0.021761259862449436,No
4132,5844-QVTAT,0.04615291940333645,No
652,0956-ACVZC,0.11695915375827642,No
4110,5813-UECBU,0.36946828479175886,No
3824,5376-PCKNB,0.10094130419293539,No
6898,9796-BPKIW,0.583230532750346,Yes
5312,7503-ZGUZJ,0.7895679507014297,Yes
3060,4378-BZYFP,0.010870741579545073,No
6135,8690-ZVLCL,0.01836476730416521,No
545,0804-YGEQV,0.028739401086836817,No
4854,6844-DZKRF,0.4576417502177587,No
5119,7203-OYKCT,0.19098442207897812,No
5106,7176-WIONM,0.23609486981836997,No
861,1251-KRREG,0.3935050333538757,No
3368,4801-KFYKL,0.13592476642582094,No
4879,6873-UDNLD,0.2602611316610779,No
1141,1680-VDCWW,0.018551751977773114,No
4724,6652-YFFJO,0.44256652328986545,No
4748,6689-KXGBO,0.5574351070002094,Yes
3435,4872-JCVCA,0.018855530614277465,No
4409,6215-NQCPY,0.5469360616142144,Yes
818,1195-OIYEJ,0.6453188469894664,Yes
4339,6122-EFVKN,0.03265991383408489,No
1900,2761-OCIAX,0.7291836734051267,Yes
751,1095-WGNGG,0.14834564819241014,No
332,0488-GSLFR,0.8391479772202339,Yes
3942,5549-ZGHFB,0.014739625672522622,No
437,0639-TSIQW,0.24482891330494744,No
1072,1564-HJUVY,0.36645478036594,No
4091,5781-BKHOP,0.026017871651812793,No
6502,9224-VTYID,0.03275069039900714,No
6440,9115-YQHGA,0.2359332599079768,No
1857,2692-PFYTJ,0.2781864045561131,No
6565,9330-VOFSZ,0.10988462037273376,No
1159,1703-MGIAB,0.22015511113165545,No
2947,4198-VFOEA,0.08413478304209346,No
129,0221-WMXNQ,0.6200643789807151,Yes
4518,6368-NWMCE,0.13396638881550435,No
1109,1622-HSHSF,0.26247610477106426,No
1526,2235-DWLJU,0.44922317888444424,No
1349,2005-DWQZJ,0.0402293710268238,No
5764,8107-KNCIM,0.6223251941495481,Yes
1744,2541-YGPKE,0.03773073585844262,No
6384,9050-IKDZA,0.7629024918325459,Yes
2923,4176-FXYBO,0.3086035327085737,No
529,0778-NELLA,0.3231209442237706,No
6223,8800-ZKRFW,0.40217218202519567,No
3552,5032-USPKF,0.05645927822394215,No
290,0428-AXXLJ,0.021424312525600297,No
2126,3055-VTCGS,0.07059804687602023,No
555,0818-OCPZO,0.5400429756939605,Yes
6305,8919-FYFQZ,0.30379112897345245,No
4306,6072-NUQCB,0.01435656580629274,No
796,1163-ONYEY,0.1659950849730614,No
4938,6956-SMUCM,0.646669126789198,Yes
1447,2137-DQMEV,0.015064156514499015,No
3657,5168-MSWXT,0.7265156973026154,Yes
3339,4759-PXTAN,0.0331425944892979,No
1309,1942-OQFRW,0.6765856260640265,Yes
2552,3648-GZPHF,0.0725438237354623,No
2168,3097-NNSPB,0.3908429492366532,No
2779,3956-CJUST,0.37009016904311737,No
3981,5609-CEBID,0.5550788498977667,Yes
1221,1810-BOHSY,0.10369722235677617,No
8,0015-UOCOJ,0.3941826044431593,No
517,0750-EKNGL,0.09794997139083224,No
5209,7326-RIGQZ,0.7046432729288987,Yes
3338,4753-PADAS,0.12427259105071899,No
3635,5146-YYFRZ,0.004834789230540283,No
2993,4289-DTDKW,0.44563105971157474,No
5695,8023-QHAIO,0.19770643651317307,No
745,1091-SOZGA,0.14241442397208365,No
2277,3255-GRXMG,0.21169939966199916,No
530,0780-XNZFN,0.004822740088095457,No
3262,4662-EKDPQ,0.46718495673237986,No
6050,8571-ZCMCX,0.05621300933762022,No
2644,3756-VNWDH,0.08316311001593486,No
2589,3703-TTEPD,0.24994051013867835,No
3130,4488-KQFDT,0.24729151896312168,No
527,0774-IFUVM,0.21185439354685112,No
6727,9553-DLCLU,0.0548714108559754,No
2050,2956-GGUCQ,0.5473986262108933,Yes
4883,6877-TJMBR,0.7612731043805495,Yes
562,0827-ITJPH,0.013741908193512745,No
1144,1685-BQULA,0.37692669615949875,No
2972,4248-QPAVC,0.3034877437326485,No
5757,8098-LLAZX,0.7715484407210513,Yes
6863,9750-BOOHV,0.05241842163031048,No
1167,1722-LDZJS,0.005441548192719771,No
3136,4501-UYKBC,0.06130824227196962,No
6585,9361-YNQWJ,0.010150684643659343,No
5424,7636-PEPNS,0.051642339193393755,No
4255,5995-WWKKG,0.03262600129714834,No
4024,5673-FSSMF,0.5765708153670223,Yes
4973,6994-KERXL,0.6001887713485136,Yes
1979,2863-IMQDR,0.013984932662246437,No
6238,8819-WFGGJ,0.02279884802833855,No
1069,1559-DTODC,0.2199696555398158,No
1511,2220-IAHLS,0.26492547796296395,No
2498,3571-RFHAR,0.22330938854851876,No
1490,2195-ZRVAX,0.4707566307577058,No
662,0969-RGKCU,0.01292241622473536,No
5745,8083-YTZES,0.756972583952342,Yes
48,0082-LDZUE,0.5656105529130582,Yes
1798,2626-URJFX,0.5918076968634908,Yes
759,1101-SSWAG,0.4931464251585963,No
182,0297-RBCSG,0.15262408395550092,No
4549,6413-XKKPU,0.4078956828911413,No
5892,8290-YWKHZ,0.5245777499358664,Yes
641,0939-YAPAF,0.5223937909928758,Yes
2223,3179-GBRWV,0.24583923523291296,No
4815,6772-KSATR,0.6794657744267717,Yes
5520,7776-QGYJC,0.25213504482636784,No
3931,5536-RTPWK,0.33183722928305814,No
1568,2277-DJJDL,0.3115669880049164,No
3753,5288-AHOUP,0.6563609160297972,Yes
360,0530-IJVDB,0.08860309224771917,No
5047,7100-FQPRV,0.0326983990723039,No
323,0481-SUMCB,0.13850852846887338,No
6920,9822-BIIGN,0.09779538636474588,No
538,0793-TWELN,0.6007869205369676,Yes
5459,7682-AZNDK,0.49347446213634377,No
3810,5357-TZHPP,0.6255102619225932,Yes
2076,2984-RGEYA,0.005508307653758122,No
1081,1574-DYCWE,0.005901930507034669,No
6543,9289-LBQVU,0.0216399986044119,No
461,0674-GCDXG,0.02240727842165672,No
471,0689-DSXGL,0.17285474053345826,No
6928,9828-QHFBK,0.4381451749468646,No
2129,3058-WQDRE,0.23425113810268697,No
1737,2528-HFYZX,0.5240247192581472,Yes
6858,9743-DQKQW,0.6999455127835997,Yes
6528,9261-WDCAF,0.6025812790522789,Yes
6379,9039-ZVJDC,0.14620270118321488,No
5899,8305-VHZBZ,0.2644996060813435,No
1360,2024-BASKD,0.7336420167009112,Yes
5075,7133-VBDCG,0.370721153836066,No
6599,9378-FXTIZ,0.07396058894232277,No
5498,7740-KKCXF,0.22500049101813588,No
2209,3164-AALRN,0.2623483953517492,No
4863,6855-VLGOS,0.10812368023993679,No
44,0076-LVEPS,0.15741955822610382,No
1518,2229-DPMBI,0.03923307906741709,No
4996,7021-XSNYE,0.09266939353610854,No
6786,9631-XEYKE,0.5657423711961814,Yes
2920,4163-KIUHY,0.076753870561454,No
3035,4342-HFXWS,0.03564882858286195,No
6762,9601-BRXPO,0.31086240522192465,No
4532,6384-VMJHP,0.014800910526333666,No
2330,3334-CTHOL,0.5014082826514548,Yes
985,1429-UYJSV,0.019188628794227395,No
1840,2675-DHUTR,0.4355471808294798,No
838,1219-NNDDO,0.6648616644035349,Yes
4911,6910-HADCM,0.8568712259905814,Yes
193,0308-IVGOK,0.1465250066731368,No
1895,2753-JMMCV,0.010975511528792826,No
5580,7855-DIWPO,0.5240470725490249,Yes
624,0916-QOFDP,0.6589192219656916,Yes
251,0378-NHQXU,0.570743962372809,Yes
4361,6147-CBCRA,0.05860653102097475,No
1598,2325-NBPZG,0.6348430468765522,Yes
1697,2474-LCNUE,0.17167075112944874,No
1719,2506-TNFCO,0.8391479772202339,Yes
4187,5916-QEWPT,0.4595061880637275,No
5298,7481-ATQQS,0.29506190182911685,No
3042,4355-HBJHH,0.02354498183511479,No
1224,1813-JYWTO,0.035438166872664344,No
5546,7812-FZHPE,0.09069577461258083,No
4599,6481-OGDOO,0.03682818018957545,No
5418,7632-MNYOY,0.0996699484692623,No
1334,1984-GPTEH,0.10236262347864342,No
5327,7524-VRLPL,0.023543365750143576,No
4666,6583-QGCSI,0.4407776961536346,No
1610,2346-DJQTB,0.2975046092993931,No
4775,6723-CEGQI,0.020424115566979734,No
4099,5795-BKOYE,0.01914284837603557,No
364,0533-UCAAU,0.03508389523210285,No
4633,6537-QLGEX,0.4143921027959208,No
1041,1508-DFXCU,0.6414455216943727,Yes
2036,2931-FSOHN,0.3040209291750452,No
6264,8868-GAGIO,0.2912795056074132,No
758,1100-DDVRV,0.224834447381937,No
932,1352-VHKAJ,0.15949677597338677,No
4404,6210-KBBPI,0.6915894253547633,Yes
3750,5285-MVEHD,0.09468686281528288,No
6187,8752-GHJFU,0.07659002490887273,No
6301,8914-RBTSB,0.4922769510478956,No
5609,7901-HXJVA,0.6285426139782658,Yes
6553,9308-ANMVE,0.2570064572310859,No
4778,6726-NNFWD,0.10390706025125628,No
6643,9445-SZLCH,0.3758828116658169,No
835,1216-JWVUX,0.5146246876258974,Yes
694,1024-VRZHF,0.6576953202220746,Yes
819,1196-AMORA,0.6985165774378532,Yes
6534,9278-VZKCD,0.3232926586214904,No
2010,2898-MRKPI,0.13040503011599666,No
570,0839-QNXME,0.011527489770751059,No
362,0531-ZZJWQ,0.44415577639518344,No
6910,9805-FILKB,0.008553896285953582,No
